id,name,category,price,stock,image_url,status
8777533d-ce7c-477b-bd19-9c9721647b64,Gas Recarga para Encendedores (300ml),Accesorios,3000,10,https://kzzpbxgsffmeyvckdmhs.supabase.co/storage/v1/object/public/diverpremier-assets/products/gas_recarga_para_encendedores_300ml.webp,OFICIAL_WEBP
58e771af-1b13-4c9f-8572-e5a89fc54404,Amarillo de manzanares Botella (750ml),Aguardiente,59500,10,https://kzzpbxgsffmeyvckdmhs.supabase.co/storage/v1/object/public/diverpremier-assets/products/amarillo_de_manzanares_botella_750ml.webp,OFICIAL_WEBP
0f911c00-ca77-455d-b420-e9de00b865c2,Amarillo de manzanares Litro botella (1000ml),Aguardiente,75000,10,https://kzzpbxgsffmeyvckdmhs.supabase.co/storage/v1/object/public/diverpremier-assets/products/amarillo_de_manzanares_litro_botella_1000ml.webp,OFICIAL_WEBP
1594e3e5-753a-420c-96ae-1a54837bdd70,Amarillo de manzanares Litro caja (1000ml),Aguardiente,60000,10,https://kzzpbxgsffmeyvckdmhs.supabase.co/storage/v1/object/public/diverpremier-assets/products/amarillo_de_manzanares_litro_caja_1000ml.webp,OFICIAL_WEBP
8fc6d2b7-1b55-4874-ad34-59c2b2901cea,Amarillo de manzanares Media (375ml),Aguardiente,31500,10,https://kzzpbxgsffmeyvckdmhs.supabase.co/storage/v1/object/public/diverpremier-assets/products/amarillo_de_manzanares_media_375ml.webp,OFICIAL_WEBP
49f8162b-4233-41e0-aafd-e51c4415a088,Antioqueño azul Botella (750ml),Aguardiente,59500,10,https://kzzpbxgsffmeyvckdmhs.supabase.co/storage/v1/object/public/diverpremier-assets/products/antioqueno_azul_botella_750ml.webp,OFICIAL_WEBP
e9d06687-1b10-42d6-8dc9-a687ca2e53db,Antioqueño azul Cuarto (260ml),Aguardiente,21500,10,https://kzzpbxgsffmeyvckdmhs.supabase.co/storage/v1/object/public/diverpremier-assets/products/antioqueno_azul_cuarto_260ml.webp,OFICIAL_WEBP
44f59803-9e25-4e63-a479-905529213c05,Antioqueño azul Garrafa (2000ml),Aguardiente,145500,10,https://kzzpbxgsffmeyvckdmhs.supabase.co/storage/v1/object/public/diverpremier-assets/products/antioqueno_azul_garrafa_2000ml.webp,OFICIAL_WEBP
1906afe7-fed5-494e-bbf3-5f9cd7558a68,Antioqueño azul Litro caja (1050ml),Aguardiente,74500,10,https://kzzpbxgsffmeyvckdmhs.supabase.co/storage/v1/object/public/diverpremier-assets/products/antioqueno_azul_litro_caja_1050ml.webp,OFICIAL_WEBP
7cdf8449-4a8d-48b0-8b60-b2298902b7f4,Antioqueño azul Media (375ml),Aguardiente,32500,10,https://kzzpbxgsffmeyvckdmhs.supabase.co/storage/v1/object/public/diverpremier-assets/products/antioqueno_azul_media_375ml.webp,OFICIAL_WEBP
eb87562e-46c7-4c37-8104-832c62635dc8,Antioqueño real edición limitada Botella (750ml),Aguardiente,57500,10,https://kzzpbxgsffmeyvckdmhs.supabase.co/storage/v1/object/public/diverpremier-assets/products/antioqueno_real_edicion_limitada_botella_750ml.webp,OFICIAL_WEBP
240506e4-9753-43f5-896d-676a74906da7,Antioqueño rojo Botella (750ml),Aguardiente,59000,10,https://kzzpbxgsffmeyvckdmhs.supabase.co/storage/v1/object/public/diverpremier-assets/products/antioqueno_rojo_botella_750ml.webp,OFICIAL_WEBP
8d2fed18-8e3a-4bc7-abad-03cbf4febeb3,Antioqueño rojo Cuarto (260ml),Aguardiente,21500,10,https://kzzpbxgsffmeyvckdmhs.supabase.co/storage/v1/object/public/diverpremier-assets/products/antioqueno_rojo_cuarto_260ml.webp,OFICIAL_WEBP
d6a02beb-e51b-4961-abe7-19562b495d60,Antioqueño rojo Garrafa (2000ml),Aguardiente,146000,10,https://kzzpbxgsffmeyvckdmhs.supabase.co/storage/v1/object/public/diverpremier-assets/products/antioqueno_rojo_garrafa_2000ml.webp,OFICIAL_WEBP
d136f622-4877-4800-b9da-69e250fde401,Antioqueño rojo Litro caja (1050 ml),Aguardiente,74500,10,https://kzzpbxgsffmeyvckdmhs.supabase.co/storage/v1/object/public/diverpremier-assets/products/antioqueno_rojo_litro_caja_1050_ml.webp,OFICIAL_WEBP
687c4f4a-2f9c-466e-af17-643620e14b49,Antioqueño rojo Media (375ml),Aguardiente,32500,10,https://kzzpbxgsffmeyvckdmhs.supabase.co/storage/v1/object/public/diverpremier-assets/products/antioqueno_rojo_media_375ml.webp,OFICIAL_WEBP
4e2257a5-b5a1-4e9d-88d1-551130ab8812,Antioqueño verde Botella (750ml),Aguardiente,53000,10,https://kzzpbxgsffmeyvckdmhs.supabase.co/storage/v1/object/public/diverpremier-assets/products/antioqueno_verde_botella_750ml.webp,OFICIAL_WEBP
30fbbfd2-c767-4cd8-8203-1127139e01bd,Antioqueño verde Litro caja (1000ml),Aguardiente,63500,10,https://kzzpbxgsffmeyvckdmhs.supabase.co/storage/v1/object/public/diverpremier-assets/products/antioqueno_verde_litro_caja_1000ml.webp,OFICIAL_WEBP
d48ea672-2de9-4553-80d4-d644879ca36a,Antioqueño verde Media (375ml),Aguardiente,27500,10,https://kzzpbxgsffmeyvckdmhs.supabase.co/storage/v1/object/public/diverpremier-assets/products/antioqueno_verde_media_375ml.webp,OFICIAL_WEBP
6aff564f-0372-4ae7-9633-c7f0a8257581,Cristal Botella (750ml),Aguardiente,45500,10,https://kzzpbxgsffmeyvckdmhs.supabase.co/storage/v1/object/public/diverpremier-assets/products/cristal_botella_750ml.webp,OFICIAL_WEBP
8b0753aa-1cd3-471c-aa86-76988d45d6c4,Cristal Media (375ml),Aguardiente,24500,10,https://kzzpbxgsffmeyvckdmhs.supabase.co/storage/v1/object/public/diverpremier-assets/products/cristal_media_375ml.webp,OFICIAL_WEBP
31f62b5e-fa3f-4475-bec6-7af8746c568e,Desquite Botella (750ml),Aguardiente,82500,10,https://kzzpbxgsffmeyvckdmhs.supabase.co/storage/v1/object/public/diverpremier-assets/products/desquite_botella_750ml.webp,OFICIAL_WEBP
798ca5ec-4c24-4fb0-a34b-1ba5c2d00d9b,Desquite Media (350ml),Aguardiente,42000,10,https://kzzpbxgsffmeyvckdmhs.supabase.co/storage/v1/object/public/diverpremier-assets/products/desquite_media_350ml.webp,OFICIAL_WEBP
8de22830-59d0-4efc-bd50-e1cc0cb961fe,Llanero sin azúcar Botella (750ml),Aguardiente,55500,10,https://kzzpbxgsffmeyvckdmhs.supabase.co/storage/v1/object/public/diverpremier-assets/products/llanero_sin_azucar_botella_750ml.webp,OFICIAL_WEBP
c4de6e29-65a2-4cb0-b057-af19e3d8754a,Néctar azul sin azúcar Botella (750ml),Aguardiente,52500,10,https://kzzpbxgsffmeyvckdmhs.supabase.co/storage/v1/object/public/diverpremier-assets/products/nectar_azul_sin_azucar_botella_750ml.webp,OFICIAL_WEBP
f776da15-a3a2-458a-a7b1-1aafa24e232f,Néctar azul sin azúcar Media (375ml),Aguardiente,28500,10,https://kzzpbxgsffmeyvckdmhs.supabase.co/storage/v1/object/public/diverpremier-assets/products/nectar_azul_sin_azucar_media_375ml.webp,OFICIAL_WEBP
9dd18469-ef73-43ce-a20f-331f5f8d5d1f,Néctar dorado Botella (750ml),Aguardiente,58000,10,https://kzzpbxgsffmeyvckdmhs.supabase.co/storage/v1/object/public/diverpremier-assets/products/nectar_dorado_botella_750ml.webp,OFICIAL_WEBP
db4adc21-cd6e-402f-8a7e-ee3dd4a4dc93,Néctar dorado Media (375ml),Aguardiente,29600,10,https://kzzpbxgsffmeyvckdmhs.supabase.co/storage/v1/object/public/diverpremier-assets/products/nectar_dorado_media_375ml.webp,OFICIAL_WEBP
9e342f97-e5a6-445f-b08b-f8bcdde613e7,Néctar reposado sin azúcar Botella (700ml),Aguardiente,65000,10,https://kzzpbxgsffmeyvckdmhs.supabase.co/storage/v1/object/public/diverpremier-assets/products/nectar_reposado_sin_azucar_botella_700ml.webp,OFICIAL_WEBP
1ae481ce-6935-4d6c-bc16-f295d26d9381,Néctar rojo Botella (750ml),Aguardiente,47500,10,https://kzzpbxgsffmeyvckdmhs.supabase.co/storage/v1/object/public/diverpremier-assets/products/nectar_rojo_botella_750ml.webp,OFICIAL_WEBP
1adeef5b-b2ea-4c07-a493-3a251771e020,Néctar rojo Cuarto (250ml),Aguardiente,15500,10,https://kzzpbxgsffmeyvckdmhs.supabase.co/storage/v1/object/public/diverpremier-assets/products/nectar_rojo_cuarto_250ml.webp,OFICIAL_WEBP
21e26b6d-2327-4388-8ed3-02a5e0d2f276,Néctar rojo Garrafa (2000 ml),Aguardiente,117500,10,https://kzzpbxgsffmeyvckdmhs.supabase.co/storage/v1/object/public/diverpremier-assets/products/nectar_rojo_garrafa_2000_ml.webp,OFICIAL_WEBP
a0578a60-ae17-46b9-bf1c-47cbd39d8cfa,Néctar rojo Litro (1000ml),Aguardiente,59500,10,https://kzzpbxgsffmeyvckdmhs.supabase.co/storage/v1/object/public/diverpremier-assets/products/nectar_rojo_litro_1000ml.webp,OFICIAL_WEBP
fb7cec04-778e-40dd-9a96-63b75f6dd884,Néctar rojo Media (375ml),Aguardiente,25500,10,https://kzzpbxgsffmeyvckdmhs.supabase.co/storage/v1/object/public/diverpremier-assets/products/nectar_rojo_media_375ml.webp,OFICIAL_WEBP
caf2a341-2f4f-4b5c-82a3-7815fc03763b,Néctar rojo sin azúcar Media (375ml),Aguardiente,24500,10,https://kzzpbxgsffmeyvckdmhs.supabase.co/storage/v1/object/public/diverpremier-assets/products/nectar_rojo_sin_azucar_media_375ml.webp,OFICIAL_WEBP
e12b2bee-e92f-4a16-87ff-b051132bde21,Néctar sugar free Botella (375ml),Aguardiente,52500,10,https://kzzpbxgsffmeyvckdmhs.supabase.co/storage/v1/object/public/diverpremier-assets/products/nectar_sugar_free_botella_375ml.webp,OFICIAL_WEBP
4c697348-df92-442f-b49d-d72c0ef793ea,Néctar sugar free Media (375ml),Aguardiente,28500,10,https://kzzpbxgsffmeyvckdmhs.supabase.co/storage/v1/object/public/diverpremier-assets/products/nectar_sugar_free_media_375ml.webp,OFICIAL_WEBP
9e43e82b-e2fd-487b-bb30-92faf1754fd5,Néctar verde Botella (750ml),Aguardiente,47500,10,https://kzzpbxgsffmeyvckdmhs.supabase.co/storage/v1/object/public/diverpremier-assets/products/nectar_verde_botella_750ml.webp,OFICIAL_WEBP
182cc0b8-7e84-4c30-acb5-4656e6bb71ee,Néctar verde Cuarto (250ml),Aguardiente,15500,10,https://kzzpbxgsffmeyvckdmhs.supabase.co/storage/v1/object/public/diverpremier-assets/products/nectar_verde_cuarto_250ml.webp,OFICIAL_WEBP
f8f77466-5bf2-425f-b170-4a95d510f9f5,Néctar verde Garrafa (2000ml),Aguardiente,117500,10,https://kzzpbxgsffmeyvckdmhs.supabase.co/storage/v1/object/public/diverpremier-assets/products/nectar_verde_garrafa_2000ml.webp,OFICIAL_WEBP
54fef250-0545-4c5b-87b6-b2abd3875748,Néctar verde Litro (1000ml),Aguardiente,59500,10,https://kzzpbxgsffmeyvckdmhs.supabase.co/storage/v1/object/public/diverpremier-assets/products/nectar_verde_litro_1000ml.webp,OFICIAL_WEBP
ee92c463-802e-4248-9bf3-901ec104c813,Néctar verde Litro y medio (1500ml),Aguardiente,82000,10,https://kzzpbxgsffmeyvckdmhs.supabase.co/storage/v1/object/public/diverpremier-assets/products/nectar_verde_litro_y_medio_1500ml.webp,OFICIAL_WEBP
baf503e0-0abe-46fb-9ef2-3e4461b4c857,Néctar verde Media (375ml),Aguardiente,25500,10,https://kzzpbxgsffmeyvckdmhs.supabase.co/storage/v1/object/public/diverpremier-assets/products/nectar_verde_media_375ml.webp,OFICIAL_WEBP
e93150d4-355e-4138-b9ba-5ac3a98d2423,Néctar verde Medio litro (500ml),Aguardiente,31500,10,https://kzzpbxgsffmeyvckdmhs.supabase.co/storage/v1/object/public/diverpremier-assets/products/nectar_verde_medio_litro_500ml.webp,OFICIAL_WEBP
abcd845f-332c-47c9-a890-2341f8e95ffd,Rosado del Tolima Botella (750ml),Aguardiente,89500,10,https://kzzpbxgsffmeyvckdmhs.supabase.co/storage/v1/object/public/diverpremier-assets/products/rosado_del_tolima_botella_750ml.webp,OFICIAL_WEBP
09dee594-8066-4aa4-b02c-4d1cb31a4180,Agua Brisa con Gas Botella (600ml),Aguas,0,10,https://kzzpbxgsffmeyvckdmhs.supabase.co/storage/v1/object/public/diverpremier-assets/products/agua_brisa_con_gas_botella_600ml.webp,OFICIAL_WEBP
a74156df-2db3-4807-ba7d-bb99189e3066,Agua Cristal sin Gas Galón (5L),Aguas,0,10,https://kzzpbxgsffmeyvckdmhs.supabase.co/storage/v1/object/public/diverpremier-assets/products/agua_cristal_sin_gas_galon_5l.webp,OFICIAL_WEBP
4c4e9a69-01b7-4faf-afec-0d60e70eac24,Bacardi Bahama mama Botella (750 ml),Bacardi,54500,10,https://kzzpbxgsffmeyvckdmhs.supabase.co/storage/v1/object/public/diverpremier-assets/products/bacardi_bahama_mama_botella_750_ml.webp,OFICIAL_WEBP
377e7c43-8943-48d1-b5f3-d015bc067dc4,Bacardi Hurricane Botella (750 ml),Bacardi,55500,10,https://kzzpbxgsffmeyvckdmhs.supabase.co/storage/v1/object/public/diverpremier-assets/products/bacardi_hurricane_botella_750_ml.webp,OFICIAL_WEBP
238f3bc3-d0bf-4db3-98f9-f79973bd93be,Bacardi Limón Botella (700ml),Bacardi,54500,10,https://kzzpbxgsffmeyvckdmhs.supabase.co/storage/v1/object/public/diverpremier-assets/products/bacardi_limon_botella_700ml.webp,OFICIAL_WEBP
b1375c6b-eea2-408d-b36f-3766ee17ba64,Bacardi Limón Media (375ml),Bacardi,36500,10,https://kzzpbxgsffmeyvckdmhs.supabase.co/storage/v1/object/public/diverpremier-assets/products/bacardi_limon_media_375ml.webp,OFICIAL_WEBP
b7cb8bb2-e855-40ee-88d8-27483c6683ef,Bacardi Mandarina Botella (750 ml),Bacardi,51000,10,https://kzzpbxgsffmeyvckdmhs.supabase.co/storage/v1/object/public/diverpremier-assets/products/bacardi_mandarina_botella_750_ml.webp,OFICIAL_WEBP
25fbbe19-a949-41b0-a5b8-d8605fdf8d99,Bacardi Mojito Botella (1750ml),Bacardi,105000,10,https://kzzpbxgsffmeyvckdmhs.supabase.co/storage/v1/object/public/diverpremier-assets/products/bacardi_mojito_botella_1750ml.webp,OFICIAL_WEBP
17835274-f964-425e-b309-a22585f5e75c,Bacardi Mojito Botella (750 ml),Bacardi,54500,10,https://kzzpbxgsffmeyvckdmhs.supabase.co/storage/v1/object/public/diverpremier-assets/products/bacardi_mojito_botella_750_ml.webp,OFICIAL_WEBP
e22a38e8-b2d5-433d-8244-5219d121ecdc,Club Colombia Dorada Lata (330ml),Cervezas,5000,60,https://kzzpbxgsffmeyvckdmhs.supabase.co/storage/v1/object/public/diverpremier-assets/products/club_colombia_dorada_lata_330ml.webp,OFICIAL_WEBP
1f175c4a-da3b-411c-a980-0821fbb56998,Corona Extra Botella (355ml),Cervezas,7500,48,https://kzzpbxgsffmeyvckdmhs.supabase.co/storage/v1/object/public/diverpremier-assets/products/corona_extra_botella_355ml.webp,OFICIAL_WEBP
0efb3f56-d5ff-4367-8470-e3c6c6b4dc94,Stella Artois Botella (330ml),Cervezas,8000,36,https://kzzpbxgsffmeyvckdmhs.supabase.co/storage/v1/object/public/diverpremier-assets/products/stella_artois_botella_330ml.webp,OFICIAL_WEBP
a6242b9e-e49d-4579-b6d7-964364f4d134,Cigarrillos Marlboro Gold Cajetilla (10),Cigarrillos,5000,10,https://kzzpbxgsffmeyvckdmhs.supabase.co/storage/v1/object/public/diverpremier-assets/products/cigarrillos_marlboro_gold_cajetilla_10.webp,OFICIAL_WEBP
6dc2528b-21b9-49f7-8897-a27b8f69ecb6,Cigarrillos Mustang Rojo Cajetilla (20),Cigarrillos,8500,10,https://kzzpbxgsffmeyvckdmhs.supabase.co/storage/v1/object/public/diverpremier-assets/products/cigarrillos_mustang_rojo_cajetilla_20.webp,OFICIAL_WEBP
611e3c56-835c-44c3-a0d6-3df8136b0ab9,Cigarrillos Mustang Rojo Unidad (Suelto),Cigarrillos,600,10,https://kzzpbxgsffmeyvckdmhs.supabase.co/storage/v1/object/public/diverpremier-assets/products/cigarrillos_mustang_rojo_unidad_suelto.webp,OFICIAL_WEBP
e3925054-8a48-4f39-accd-ca3659c9351b,Cigarrillos Rothmans Azul Cajetilla (20),Cigarrillos,7800,10,https://kzzpbxgsffmeyvckdmhs.supabase.co/storage/v1/object/public/diverpremier-assets/products/cigarrillos_rothmans_azul_cajetilla_20.webp,OFICIAL_WEBP
d3ab0d83-dda7-4ae9-ac7a-d4fc90a49875,Agua Tónica Schweppes Botella (300ml),Coctelería,4500,10,https://kzzpbxgsffmeyvckdmhs.supabase.co/storage/v1/object/public/diverpremier-assets/products/agua_tonica_schweppes_botella_300ml.webp,OFICIAL_WEBP
893b6e73-8b3a-413a-8910-fe4bcf7816e9,Aperitivo Vermut Rosso Botella (750ml),Coctelería,65000,10,https://kzzpbxgsffmeyvckdmhs.supabase.co/storage/v1/object/public/diverpremier-assets/products/vermut_rosso_botella_750ml.webp,OFICIAL_WEBP
c6c8850b-3f15-4c12-a134-a2a15ce4329f,Bitters Angostura Aromatic (100ml),Coctelería,95000,10,https://kzzpbxgsffmeyvckdmhs.supabase.co/storage/v1/object/public/diverpremier-assets/products/bitters_angostura_aromatic_100ml.webp,OFICIAL_WEBP
b2bfec62-0305-465c-81b2-68a240e414b9,Jarabe de Goma Simple Syrup (1000ml),Coctelería,22000,10,https://kzzpbxgsffmeyvckdmhs.supabase.co/storage/v1/object/public/diverpremier-assets/products/jarabe_de_goma_simple_syrup_1000ml.webp,OFICIAL_WEBP
8a374c0f-59a2-4772-9338-74469cd8c414,Licor Triple Sec Naranja Botella (700ml),Coctelería,45000,10,https://kzzpbxgsffmeyvckdmhs.supabase.co/storage/v1/object/public/diverpremier-assets/products/licor_triple_sec_naranja_botella_700ml.webp,OFICIAL_WEBP
063f1902-67b4-412a-92cf-395f8914d941,Coloma Licor de cafe Botella (750ml),Coloma,72000,10,https://kzzpbxgsffmeyvckdmhs.supabase.co/storage/v1/object/public/diverpremier-assets/products/coloma_licor_de_cafe_botella_750ml.webp,OFICIAL_WEBP
2309b76d-741a-4004-a83f-c7599ad266f5,Convier Amaretto Botella (750ml),Convier,84000,10,https://kzzpbxgsffmeyvckdmhs.supabase.co/storage/v1/object/public/diverpremier-assets/products/convier_amaretto_botella_750ml.webp,OFICIAL_WEBP
ad3f9140-c5ae-4893-a902-04b70380557c,Convier Piña colada Botella (750ml),Convier,47500,10,https://kzzpbxgsffmeyvckdmhs.supabase.co/storage/v1/object/public/diverpremier-assets/products/convier_pina_colada_botella_750ml.webp,OFICIAL_WEBP
b2b30a27-bdfb-4eff-819c-4a1c1a8b3e75,Convier Triple sec Botella (750ml),Convier,71800,10,https://kzzpbxgsffmeyvckdmhs.supabase.co/storage/v1/object/public/diverpremier-assets/products/convier_triple_sec_botella_750ml.webp,OFICIAL_WEBP
fcacd57e-8128-4b28-8e8d-f9de4568e8ef,Convier Triple sec blue Botella (750ml),Convier,83500,10,https://kzzpbxgsffmeyvckdmhs.supabase.co/storage/v1/object/public/diverpremier-assets/products/convier_triple_sec_blue_botella_750ml.webp,OFICIAL_WEBP
b59a7d68-9de6-463b-902d-8b1a701fbbad,Aceite Gourmet Botella (900ml),Despensa,12000,10,https://kzzpbxgsffmeyvckdmhs.supabase.co/storage/v1/object/public/diverpremier-assets/products/aceite_gourmet_botella_900ml.webp,OFICIAL_WEBP
c2fffdf1-69e5-45b8-bf8d-47fca9365c2e,Arroz Diana Bolsa (1 kg),Despensa,4200,10,https://kzzpbxgsffmeyvckdmhs.supabase.co/storage/v1/object/public/diverpremier-assets/products/arroz_diana_bolsa_1kg.webp,OFICIAL_WEBP
92272b6d-c71f-4b9f-87ec-e9e116f3af35,Atún Van Camp's Lomitos (160g),Despensa,6800,10,https://kzzpbxgsffmeyvckdmhs.supabase.co/storage/v1/object/public/diverpremier-assets/products/atun_van_camps_lomitos_160g.webp,OFICIAL_WEBP
6a58b4c7-396e-4ecd-9276-97a6ec040c08,Duraznos en almíbar Lata Grande (820g),Despensa,15500,10,https://kzzpbxgsffmeyvckdmhs.supabase.co/storage/v1/object/public/diverpremier-assets/products/duraznos_en_almibar_lata_grande_820g.webp,OFICIAL_WEBP
8698ab9d-41d7-4f25-bf77-9b2dacab99fd,Espagueti Doria Paquete (500g),Despensa,3800,10,https://kzzpbxgsffmeyvckdmhs.supabase.co/storage/v1/object/public/diverpremier-assets/products/espagueti_doria_paquete_500g.webp,OFICIAL_WEBP
9f754ec8-e7a1-4b41-8d4f-2955452179f0,Frijol Bola Roja Bolsa (500g),Despensa,5500,10,https://kzzpbxgsffmeyvckdmhs.supabase.co/storage/v1/object/public/diverpremier-assets/products/frijol_bola_roja_bolsa_500g.webp,OFICIAL_WEBP
1da98e74-6b72-406a-8bb7-8e045695a382,Sardinas en Tomate Lata Ovalada (425g),Despensa,7500,10,https://kzzpbxgsffmeyvckdmhs.supabase.co/storage/v1/object/public/diverpremier-assets/products/sardinas_en_tomate_lata_ovalada_425g.webp,OFICIAL_WEBP
1de8ddc7-f2e6-4517-b397-b8d9a8f060d2,Bolsa de regalo Lujo Motivos Cumpleaños,Empaques,5000,10,https://kzzpbxgsffmeyvckdmhs.supabase.co/storage/v1/object/public/diverpremier-assets/products/bolsa_de_regalo_lujo_motivos_cumpleanos.webp,OFICIAL_WEBP
a49f563b-479f-454f-95e6-b41679e46195,Encendedor Bic Grande Unidad (Maxi),Encendedores,4500,10,https://kzzpbxgsffmeyvckdmhs.supabase.co/storage/v1/object/public/diverpremier-assets/products/encendedor_bic_grande_unidad_maxi.webp,OFICIAL_WEBP
bb89b5f5-0519-4a5b-a765-edf848bf6b92,Encendedor Cricket Mini Unidad,Encendedores,2500,10,https://kzzpbxgsffmeyvckdmhs.supabase.co/storage/v1/object/public/diverpremier-assets/products/encendedor_cricket_mini_unidad.webp,OFICIAL_WEBP
0fd2c9ce-197e-4eee-bc92-6ffa35e2742d,Bebida Energizante Vive 100 Botella (240ml),Energizantes,0,10,https://kzzpbxgsffmeyvckdmhs.supabase.co/storage/v1/object/public/diverpremier-assets/products/energizante_vive_100_botella_240ml.webp,OFICIAL_WEBP
5d83e41f-7b3b-4a04-9c1d-0513ea2655c8,Esencia Naked 100 (60ml) Lava Flow 3mg,Esencias y E-Liquids,75000,10,https://kzzpbxgsffmeyvckdmhs.supabase.co/storage/v1/object/public/diverpremier-assets/products/esencia_naked_100_60ml_lava_flow_3mg.webp,OFICIAL_WEBP
9bea04ab-b7cf-439f-938c-f415962cdf05,Esencia SaltNic (30ml) Mint 35mg,Esencias y E-Liquids,55000,10,https://kzzpbxgsffmeyvckdmhs.supabase.co/storage/v1/object/public/diverpremier-assets/products/esencia_saltnic_30ml_mint_35mg.webp,OFICIAL_WEBP
5d3c8607-2b01-4219-bffe-267589031d5d,Gaseosa Coca-Cola Botella (600ml),Gaseosas,0,10,https://kzzpbxgsffmeyvckdmhs.supabase.co/storage/v1/object/public/diverpremier-assets/products/gaseosa_coca_cola_botella_600ml.webp,OFICIAL_WEBP
4d99eed1-bb8b-4eac-9fde-24b62cd79c19,Gaseosa Postobón Manzana Litro y Medio (1500ml),Gaseosas,0,10,https://kzzpbxgsffmeyvckdmhs.supabase.co/storage/v1/object/public/diverpremier-assets/products/gaseosa_postobon_manzana_litro_y_medio_1500ml.webp,OFICIAL_WEBP
56383c1a-5538-4c9c-8713-545fb6e95742,Beefeater london Botella (700ml),Ginebra,145000,10,https://kzzpbxgsffmeyvckdmhs.supabase.co/storage/v1/object/public/diverpremier-assets/products/beefeater_london_botella_700ml.webp,OFICIAL_WEBP
b01b7e90-b8da-4b10-846f-47d9494b4ef6,Bombay saphire Botella (700ml),Ginebra,135500,10,https://kzzpbxgsffmeyvckdmhs.supabase.co/storage/v1/object/public/diverpremier-assets/products/bombay_saphire_botella_700ml.webp,OFICIAL_WEBP
3e2fbce9-8b3a-45c7-a9d7-39648de8660d,Gordons london dry gin Botella (700ml),Ginebra,87000,10,https://kzzpbxgsffmeyvckdmhs.supabase.co/storage/v1/object/public/diverpremier-assets/products/gordons_london_dry_gin_botella_700ml.webp,OFICIAL_WEBP
6d7c22ca-0174-4554-9dd8-6434d92cf51d,Gordons premium pink Botella (700ml),Ginebra,116500,10,https://kzzpbxgsffmeyvckdmhs.supabase.co/storage/v1/object/public/diverpremier-assets/products/gordons_premium_pink_botella_700ml.webp,OFICIAL_WEBP
a3a0cf65-87a3-4bd9-9d4b-20b9c495ced4,Hendrick's gin Botella (750ml),Ginebra,280000,10,https://kzzpbxgsffmeyvckdmhs.supabase.co/storage/v1/object/public/diverpremier-assets/products/hendrick_s_gin_botella_750ml.webp,OFICIAL_WEBP
ff8518e6-c9ff-4ec4-8369-cd6a178b8581,Tanqueray london dry gin Botella (700ml),Ginebra,0,10,https://kzzpbxgsffmeyvckdmhs.supabase.co/storage/v1/object/public/diverpremier-assets/products/tanqueray_london_dry_gin_botella_700ml.webp,OFICIAL_WEBP
396da1d6-7546-4a30-af64-0c3e15f5c5fd,Whitley neill blood Orange gin Botella (700ml),Ginebra,155000,10,https://kzzpbxgsffmeyvckdmhs.supabase.co/storage/v1/object/public/diverpremier-assets/products/whitley_neill_blood_orange_gin_botella_700ml.webp,OFICIAL_WEBP
997178cc-a4b6-4d76-a56f-d121423d7ebc,Whitley neill original Botella (700ml),Ginebra,155000,10,https://kzzpbxgsffmeyvckdmhs.supabase.co/storage/v1/object/public/diverpremier-assets/products/whitley_neill_original_botella_700ml.webp,OFICIAL_WEBP
09bd1b85-320f-4614-8ec2-e48deb20d0cd,Whitley neill quince gin Botella (700ml),Ginebra,155000,10,https://kzzpbxgsffmeyvckdmhs.supabase.co/storage/v1/object/public/diverpremier-assets/products/whitley_neill_quince_gin_botella_700ml.webp,OFICIAL_WEBP
91ec73ae-c4c7-4ce4-aeda-26e6e2397592,Kit Vaporesso XROS 3 Silver,Hardware y Equipos,140000,10,https://kzzpbxgsffmeyvckdmhs.supabase.co/storage/v1/object/public/diverpremier-assets/products/kit_vaporesso_xros_3_silver.webp,OFICIAL_WEBP
d2a5ace9-e5b0-4667-85f9-a8bd67dd42a5,Jugo Hit Mora Cajita (200ml),Jugos,0,10,https://kzzpbxgsffmeyvckdmhs.supabase.co/storage/v1/object/public/diverpremier-assets/products/jugo_hit_mora_cajita_200ml.webp,OFICIAL_WEBP
f3b5d5d0-e53a-460b-93ad-dbdc79d4f542,Jugo del Valle Naranja Botella (400ml),Jugos,0,10,https://kzzpbxgsffmeyvckdmhs.supabase.co/storage/v1/object/public/diverpremier-assets/products/jugo_del_valle_naranja_botella_400ml.webp,OFICIAL_WEBP
7bc77740-8234-4743-bc23-9330e14b4dca,Oso de felpa con corazón Café / Grande,Peluches,45000,10,https://kzzpbxgsffmeyvckdmhs.supabase.co/storage/v1/object/public/diverpremier-assets/products/oso_de_felpa_con_corazon_cafe_grande.webp,OFICIAL_WEBP
0cc4c131-5559-4675-8eb0-f9752195e5d4,Personaje de Anime Pikachu Amarillo / Mediano,Peluches,32000,10,https://kzzpbxgsffmeyvckdmhs.supabase.co/storage/v1/object/public/diverpremier-assets/products/personaje_anime_pikachu_amarillo_mediano.webp,OFICIAL_WEBP
b161792c-c2fc-4994-9588-6d4101544070,Resistencia Vaporesso GTR 0.4 ohm,Repuestos Vapeo,18000,10,https://kzzpbxgsffmeyvckdmhs.supabase.co/storage/v1/object/public/diverpremier-assets/products/resistencia_vaporesso_gtr_04_ohm.webp,OFICIAL_WEBP
d6db84db-9e0b-4488-973b-c6e456dd41e9,Bacardi añejo Botella (700ml),Ron,61000,10,https://kzzpbxgsffmeyvckdmhs.supabase.co/storage/v1/object/public/diverpremier-assets/products/bacardi_anejo_botella_700ml.webp,OFICIAL_WEBP
bd2f6bd4-7551-44a0-abc5-92f40f7f72d4,Bacardi carta blanca Botella (700ml),Ron,65000,10,https://kzzpbxgsffmeyvckdmhs.supabase.co/storage/v1/object/public/diverpremier-assets/products/bacardi_carta_blanca_botella_700ml.webp,OFICIAL_WEBP
e229cf22-e4f4-4317-875c-189ab7a42b8a,Bacardi carta blanca Media (375ml),Ron,38000,10,https://kzzpbxgsffmeyvckdmhs.supabase.co/storage/v1/object/public/diverpremier-assets/products/bacardi_carta_blanca_media_375ml.webp,OFICIAL_WEBP
74d9912e-1ca1-4780-8d65-9b5f8d7ce9b9,Havana club 3 años blanco Botella (750ml),Ron,64500,10,https://kzzpbxgsffmeyvckdmhs.supabase.co/storage/v1/object/public/diverpremier-assets/products/havana_club_3_anos_blanco_botella_750ml.webp,OFICIAL_WEBP
89d37a9f-97db-4ae2-9f0f-49375ea68130,Havana club 7 años oscuro Botella (700ml),Ron,121000,10,https://kzzpbxgsffmeyvckdmhs.supabase.co/storage/v1/object/public/diverpremier-assets/products/havana_club_7_anos_oscuro_botella_700ml.webp,OFICIAL_WEBP
cedfbddc-989d-4711-ab6d-f080fe7d7254,Licor de ron viejo de caldas esencial Botella (750ml),Ron,47000,10,https://kzzpbxgsffmeyvckdmhs.supabase.co/storage/v1/object/public/diverpremier-assets/products/licor_de_ron_viejo_de_caldas_esencial_botella_750ml.webp,OFICIAL_WEBP
b23f9e2d-e02d-4d18-bcee-4f5d53d1c03a,Medellin 3 años Botella (750 ml),Ron,61500,10,https://kzzpbxgsffmeyvckdmhs.supabase.co/storage/v1/object/public/diverpremier-assets/products/medellin_3_anos_botella_750_ml.webp,OFICIAL_WEBP
35a11352-44fd-407a-82b9-42036034d31e,Medellin añejo 3 años Garrafa (2000ml),Ron,143000,10,https://kzzpbxgsffmeyvckdmhs.supabase.co/storage/v1/object/public/diverpremier-assets/products/medellin_anejo_3_anos_garrafa_2000ml.webp,OFICIAL_WEBP
7e466826-1762-414d-835e-e62a8fd52576,Medellín 3 años Media (375ml),Ron,34500,10,https://kzzpbxgsffmeyvckdmhs.supabase.co/storage/v1/object/public/diverpremier-assets/products/medellin_3_anos_media_375ml.webp,OFICIAL_WEBP
92dd388f-208d-4745-a694-8ae45f7833d2,Medellín 5 años Botella (750 ml),Ron,74500,10,https://kzzpbxgsffmeyvckdmhs.supabase.co/storage/v1/object/public/diverpremier-assets/products/medellin_5_anos_botella_750_ml.webp,OFICIAL_WEBP
24898a6c-a628-46dc-9abf-7346641ad3f2,Medellín dorado Botella (750ml),Ron,57600,10,https://kzzpbxgsffmeyvckdmhs.supabase.co/storage/v1/object/public/diverpremier-assets/products/medellin_dorado_botella_750ml.webp,OFICIAL_WEBP
3c37bc3c-b7d6-40bb-96c2-03eec9cdc0d7,Medellín dorado Media (375ml),Ron,30500,10,https://kzzpbxgsffmeyvckdmhs.supabase.co/storage/v1/object/public/diverpremier-assets/products/medellin_dorado_media_375ml.webp,OFICIAL_WEBP
413460e2-01b7-4c4f-8f5f-473c73dcb554,Medellín gran reserva 12 años Botella (750ml),Ron,107000,10,https://kzzpbxgsffmeyvckdmhs.supabase.co/storage/v1/object/public/diverpremier-assets/products/medellin_gran_reserva_12_anos_botella_750ml.webp,OFICIAL_WEBP
ff7ad7f5-fc71-4ba6-9fe6-cfcb557afa50,Santa Fe Botella (750ml),Ron,54500,10,https://kzzpbxgsffmeyvckdmhs.supabase.co/storage/v1/object/public/diverpremier-assets/products/santa_fe_botella_750ml.webp,OFICIAL_WEBP
49d964cb-aa48-4509-a05f-08ae970dc331,Santa Fe Cuarto (250ml),Ron,17000,10,https://kzzpbxgsffmeyvckdmhs.supabase.co/storage/v1/object/public/diverpremier-assets/products/santa_fe_cuarto_250ml.webp,OFICIAL_WEBP
c04edafd-e357-4736-9b69-0d4251a9cb47,Santa Fe Litro caja (1000ml),Ron,65000,10,https://kzzpbxgsffmeyvckdmhs.supabase.co/storage/v1/object/public/diverpremier-assets/products/santa_fe_litro_caja_1000ml.webp,OFICIAL_WEBP
7704ffc7-945c-4cb2-a324-3c9517fade5e,Santa Fe Media (375ml),Ron,31500,10,https://kzzpbxgsffmeyvckdmhs.supabase.co/storage/v1/object/public/diverpremier-assets/products/santa_fe_media_375ml.webp,OFICIAL_WEBP
f56f6b54-3f8e-40b1-bf2e-df3d81be2591,Viejo de Caldas Botella (750ml),Ron,62500,10,https://kzzpbxgsffmeyvckdmhs.supabase.co/storage/v1/object/public/diverpremier-assets/products/viejo_de_caldas_botella_750ml.webp,OFICIAL_WEBP
8c49a2d2-5fb6-4e67-a9fd-f695834f225e,Viejo de Caldas Cuarto (250ml),Ron,20000,10,https://kzzpbxgsffmeyvckdmhs.supabase.co/storage/v1/object/public/diverpremier-assets/products/viejo_de_caldas_cuarto_250ml.webp,OFICIAL_WEBP
038f1b43-2238-43d3-9cf5-9c42c471e431,Viejo de Caldas Garrafa (1750ml),Ron,128000,10,https://kzzpbxgsffmeyvckdmhs.supabase.co/storage/v1/object/public/diverpremier-assets/products/viejo_de_caldas_garrafa_1750ml.webp,OFICIAL_WEBP
ed20c080-e02a-4b30-b73f-09e4a1fd9fbd,Viejo de Caldas Juan de la cruz Botella (750ml),Ron,62000,10,https://kzzpbxgsffmeyvckdmhs.supabase.co/storage/v1/object/public/diverpremier-assets/products/viejo_de_caldas_juan_de_la_cruz_botella_750ml.webp,OFICIAL_WEBP
02c79c7b-cb29-4cfb-81fa-38a4af676101,Viejo de Caldas Litro caja (1000ml),Ron,65000,10,https://kzzpbxgsffmeyvckdmhs.supabase.co/storage/v1/object/public/diverpremier-assets/products/viejo_de_caldas_litro_caja_1000ml.webp,OFICIAL_WEBP
ee15aea5-6909-4d76-b609-1f8f3c22b9a2,Viejo de Caldas Media (375ml),Ron,32500,10,https://kzzpbxgsffmeyvckdmhs.supabase.co/storage/v1/object/public/diverpremier-assets/products/viejo_de_caldas_media_375ml.webp,OFICIAL_WEBP
95f4a827-7652-4a67-bdae-e81f2ff2ab2c,Viejo de Caldas oscuro Botella (700ml),Ron,60000,10,https://kzzpbxgsffmeyvckdmhs.supabase.co/storage/v1/object/public/diverpremier-assets/products/viejo_de_caldas_oscuro_botella_700ml.webp,OFICIAL_WEBP
8f434307-662a-4f53-898f-764d7226d6d9,Viejo de Caldas roble blanco Botella (750ml),Ron,48500,10,https://kzzpbxgsffmeyvckdmhs.supabase.co/storage/v1/object/public/diverpremier-assets/products/viejo_de_caldas_roble_blanco_botella_750ml.webp,OFICIAL_WEBP
d47bc65c-e42c-40fa-aef6-db6b177aca26,Smirnoff Ice green Apple Botella personal (275 ml),Smirnoff,10500,10,https://kzzpbxgsffmeyvckdmhs.supabase.co/storage/v1/object/public/diverpremier-assets/products/smirnoff_ice_green_apple_botella_personal_275_ml.webp,OFICIAL_WEBP
15b0296d-2357-485f-8510-05068f84b62c,Smirnoff Ice original Botella personal (275 ml),Smirnoff,10500,10,https://kzzpbxgsffmeyvckdmhs.supabase.co/storage/v1/object/public/diverpremier-assets/products/smirnoff_ice_original_botella_personal_275_ml.webp,OFICIAL_WEBP
9305e306-e228-487e-9bf1-3db8507c3ae2,Smirnoff Lulo Botella (750ml),Smirnoff,57500,10,https://kzzpbxgsffmeyvckdmhs.supabase.co/storage/v1/object/public/diverpremier-assets/products/smirnoff_lulo_botella_750ml.webp,OFICIAL_WEBP
fd902fbb-571d-4d24-b1c9-5e9500c8dc42,Smirnoff Lulo Media (375 ml),Smirnoff,29500,10,https://kzzpbxgsffmeyvckdmhs.supabase.co/storage/v1/object/public/diverpremier-assets/products/smirnoff_lulo_media_375_ml.webp,OFICIAL_WEBP
78218161-8e55-45f3-94db-c9ff0e5e81a6,Smirnoff Tamarindo picante Botella (750ml),Smirnoff,57500,10,https://kzzpbxgsffmeyvckdmhs.supabase.co/storage/v1/object/public/diverpremier-assets/products/smirnoff_tamarindo_picante_botella_750ml.webp,OFICIAL_WEBP
83b1c820-1404-490c-b5c4-914609c6fa00,Smirnoff Vodka Botella (700ml),Smirnoff,104000,10,https://kzzpbxgsffmeyvckdmhs.supabase.co/storage/v1/object/public/diverpremier-assets/products/smirnoff_vodka_botella_700ml.webp,OFICIAL_WEBP
050b18a3-63f4-46ee-9540-302ae08b795e,Caramelos Bon Bon Bum Paquete / Bolsa 24 unidades,Snacks,12000,10,https://kzzpbxgsffmeyvckdmhs.supabase.co/storage/v1/object/public/diverpremier-assets/products/caramelos_bon_bon_bum_paquete_bolsa_24_und.webp,OFICIAL_WEBP
dad67a05-e990-484b-ad10-b6b8be0e444f,Chicles Trident Menta Paquete (Caja) 18 unidades,Snacks,4500,10,https://kzzpbxgsffmeyvckdmhs.supabase.co/storage/v1/object/public/diverpremier-assets/products/chicles_trident_menta_paquete_18_und.webp,OFICIAL_WEBP
1379c43e-7867-461c-8a6a-188aec4918dd,Chocolates Chocolatina Jet Display / Caja 24 unidades,Snacks,15000,10,https://kzzpbxgsffmeyvckdmhs.supabase.co/storage/v1/object/public/diverpremier-assets/products/chocolates_chocolatina_jet_display_caja_24_und.webp,OFICIAL_WEBP
c6985c40-0c82-428b-85fd-22778f905a9d,Chocolates Chocolatina Jet Unidad (12g) 1 unidad,Snacks,700,10,https://kzzpbxgsffmeyvckdmhs.supabase.co/storage/v1/object/public/diverpremier-assets/products/chocolates_chocolatina_jet_unidad_12g.webp,OFICIAL_WEBP
818e9e9d-32d7-4c76-9744-8f35fd03e455,Galletas Festival Recreo Paquete Personal (4 und),Snacks,1200,10,https://kzzpbxgsffmeyvckdmhs.supabase.co/storage/v1/object/public/diverpremier-assets/products/galletas_festival_recreo_paquete_personal_4_und.webp,OFICIAL_WEBP
8ede473f-2f00-4c66-b6cd-d1938995827b,Galletas Saltinas Noel Taco / Paquete (3 tacos),Snacks,5800,10,https://kzzpbxgsffmeyvckdmhs.supabase.co/storage/v1/object/public/diverpremier-assets/products/galletas_saltinas_noel_taco_paquete_3_tacos.webp,OFICIAL_WEBP
06e8efc9-e0b0-4c68-9653-7e6e79db5c76,Gomitas Trululu Aros Paquete de paqueticos 12 unidades,Snacks,14000,10,https://kzzpbxgsffmeyvckdmhs.supabase.co/storage/v1/object/public/diverpremier-assets/products/gomitas_trululu_aros_paquete_12_unidades.webp,OFICIAL_WEBP
56d7d3d1-3597-421e-a5b6-f2940464e498,Gomitas Trululu Aros Unidad (Individual) 1 unidad,Snacks,1500,10,https://kzzpbxgsffmeyvckdmhs.supabase.co/storage/v1/object/public/diverpremier-assets/products/gomitas_trululu_aros_unidad_individual_1_und.webp,OFICIAL_WEBP
c481210d-bd8b-4f1e-af7a-2905c253f987,Maní Especial La Especial con Sal (180g),Snacks,9800,30,https://kzzpbxgsffmeyvckdmhs.supabase.co/storage/v1/object/public/diverpremier-assets/products/mani_especial_la_especial_con_sal_180g.webp,OFICIAL_WEBP
91e18a60-3219-4771-8091-811738cd4f29,Maní La Especial (Sal) Grande (200g),Snacks,12500,10,https://kzzpbxgsffmeyvckdmhs.supabase.co/storage/v1/object/public/diverpremier-assets/products/mani_la_especial_sal_grande_200g.webp,OFICIAL_WEBP
607607bd-c94f-4a9e-b921-bf0884a56d29,Maní Moto Personal (40g),Snacks,2500,10,https://kzzpbxgsffmeyvckdmhs.supabase.co/storage/v1/object/public/diverpremier-assets/products/mani_moto_personal_40g.webp,OFICIAL_WEBP
9b5d6aa3-67e8-4f70-95ce-976e1fc17a8c,Nachos Artesanales con Salsa de Queso (200g),Snacks,12500,20,https://kzzpbxgsffmeyvckdmhs.supabase.co/storage/v1/object/public/diverpremier-assets/products/nachos_artesanales_con_salsa_de_queso_200g.webp,OFICIAL_WEBP
232f6e42-4296-403b-93fa-1653f91fc598,Papas Pringles Original (124g),Snacks,14500,25,https://kzzpbxgsffmeyvckdmhs.supabase.co/storage/v1/object/public/diverpremier-assets/products/papas_pringles_original_124g.webp,OFICIAL_WEBP
3e0dee2e-8aa1-4447-8dd3-44f0866f554e,Paquetes Papas Margarita Mega familiar (150g),Snacks,8000,10,https://kzzpbxgsffmeyvckdmhs.supabase.co/storage/v1/object/public/diverpremier-assets/products/papas_margarita_mega_familiar_150g.webp,OFICIAL_WEBP
dea2102a-5b77-4913-bc7c-de326fa352f5,Ponqués Chocoramo Unidad (65g),Snacks,2800,10,https://kzzpbxgsffmeyvckdmhs.supabase.co/storage/v1/object/public/diverpremier-assets/products/ponques_chocoramo_unidad_65g.webp,OFICIAL_WEBP
63bd5f10-fb85-479c-a7fe-4391431cf837,Tarjeta de felicitación Amor / Amistad,Tarjetas,3500,10,https://kzzpbxgsffmeyvckdmhs.supabase.co/storage/v1/object/public/diverpremier-assets/products/tarjeta_de_felicitacion_amor_amistad.webp,OFICIAL_WEBP
48a573fd-b868-48bd-97d3-8ffab51d9d75,1800 añejo Botella (750ml),Tequila,283500,10,https://kzzpbxgsffmeyvckdmhs.supabase.co/storage/v1/object/public/diverpremier-assets/products/1800_anejo_botella_750ml.webp,OFICIAL_WEBP
35c4e5b7-df6b-4a49-863f-20736f2b6160,1800 blanco Botella (750ml),Tequila,213500,10,https://kzzpbxgsffmeyvckdmhs.supabase.co/storage/v1/object/public/diverpremier-assets/products/1800_blanco_botella_750ml.webp,OFICIAL_WEBP
4bc98907-5e73-4ebe-992e-2b29826e6788,1800 reposado Botella (750ml),Tequila,245000,10,https://kzzpbxgsffmeyvckdmhs.supabase.co/storage/v1/object/public/diverpremier-assets/products/1800_reposado_botella_750ml.webp,OFICIAL_WEBP
4b4d6700-9ca7-4340-b9cc-7f872410201f,3 caballos Botella (1000ml),Tequila,110000,10,https://kzzpbxgsffmeyvckdmhs.supabase.co/storage/v1/object/public/diverpremier-assets/products/3_caballos_botella_1000ml.webp,OFICIAL_WEBP
41600931-65d3-497f-8fb0-2dc5c76b61d5,Don julio 70 cristalino Botella (700ml),Tequila,452000,10,https://kzzpbxgsffmeyvckdmhs.supabase.co/storage/v1/object/public/diverpremier-assets/products/don_julio_70_cristalino_botella_700ml.webp,OFICIAL_WEBP
dcf68d2f-eec3-4a91-b37b-cbca6d549880,Don julio blanco Botella (700ml),Tequila,245000,10,https://kzzpbxgsffmeyvckdmhs.supabase.co/storage/v1/object/public/diverpremier-assets/products/don_julio_blanco_botella_700ml.webp,OFICIAL_WEBP
4587fd73-17f3-48ea-945e-ce33318ae356,Don julio reposado Botella (700ml),Tequila,328000,10,https://kzzpbxgsffmeyvckdmhs.supabase.co/storage/v1/object/public/diverpremier-assets/products/don_julio_reposado_botella_700ml.webp,OFICIAL_WEBP
a96c2b11-a075-48fd-972a-5d2427688589,El jimador blanco Botella (700ml),Tequila,116500,10,https://kzzpbxgsffmeyvckdmhs.supabase.co/storage/v1/object/public/diverpremier-assets/products/el_jimador_blanco_botella_700ml.webp,OFICIAL_WEBP
e3362dd8-f3c6-4d65-ae89-09764483c38e,El jimador reposado Botella (700ml),Tequila,116500,10,https://kzzpbxgsffmeyvckdmhs.supabase.co/storage/v1/object/public/diverpremier-assets/products/el_jimador_reposado_botella_700ml.webp,OFICIAL_WEBP
3eff05e5-338b-4fd1-a04e-b969c98ff730,El jimador reposado Media (375ml),Tequila,73500,10,https://kzzpbxgsffmeyvckdmhs.supabase.co/storage/v1/object/public/diverpremier-assets/products/el_jimador_reposado_media_375ml.webp,OFICIAL_WEBP
6d1aaeff-a553-473e-87b2-6c05a3c551ec,Herradura reposado Botella (750ml),Tequila,264000,10,https://kzzpbxgsffmeyvckdmhs.supabase.co/storage/v1/object/public/diverpremier-assets/products/herradura_reposado_botella_750ml.webp,OFICIAL_WEBP
1f216ac0-2fa9-40a6-9953-fe757ede1086,José cuervo plata Botella (750ml),Tequila,94500,10,https://kzzpbxgsffmeyvckdmhs.supabase.co/storage/v1/object/public/diverpremier-assets/products/jose_cuervo_plata_botella_750ml.webp,OFICIAL_WEBP
01d39be6-d199-446b-92c8-8cdfdde07a03,José cuervo reposado Botella (750ml),Tequila,94500,10,https://kzzpbxgsffmeyvckdmhs.supabase.co/storage/v1/object/public/diverpremier-assets/products/jose_cuervo_reposado_botella_750ml.webp,OFICIAL_WEBP
8a2c5aec-15f0-4e46-876d-353c360395df,José cuervo reposado Media (375ml),Tequila,59000,10,https://kzzpbxgsffmeyvckdmhs.supabase.co/storage/v1/object/public/diverpremier-assets/products/jose_cuervo_reposado_media_375ml.webp,OFICIAL_WEBP
1e0ec2db-0793-42db-a228-3522c6e660b6,Maestro dobel Botella (700ml),Tequila,357000,10,https://kzzpbxgsffmeyvckdmhs.supabase.co/storage/v1/object/public/diverpremier-assets/products/maestro_dobel_botella_700ml.webp,OFICIAL_WEBP
227705b7-29db-40c4-9966-3857e219c0a3,Olmeca reposado Botella (700ml),Tequila,93500,10,https://kzzpbxgsffmeyvckdmhs.supabase.co/storage/v1/object/public/diverpremier-assets/products/olmeca_reposado_botella_700ml.webp,OFICIAL_WEBP
073f0361-de7a-4b7c-93a2-10b5f1b1f1b9,Olmeca reposado Media (350ml),Tequila,46500,10,https://kzzpbxgsffmeyvckdmhs.supabase.co/storage/v1/object/public/diverpremier-assets/products/olmeca_reposado_media_350ml.webp,OFICIAL_WEBP
a5706b80-918c-46df-a27f-6a45ead159c7,Olmeca silver Botella (700ml),Tequila,93500,10,https://kzzpbxgsffmeyvckdmhs.supabase.co/storage/v1/object/public/diverpremier-assets/products/olmeca_silver_botella_700ml.webp,OFICIAL_WEBP
321a1e64-4af1-4ae2-9181-7a4f59ce496e,Olmeca silver Media (350ml),Tequila,46500,10,https://kzzpbxgsffmeyvckdmhs.supabase.co/storage/v1/object/public/diverpremier-assets/products/olmeca_silver_media_350ml.webp,OFICIAL_WEBP
184f1e07-5164-4101-819f-81430234fd16,Patrón reposado Botella  (700ml),Tequila,286000,10,https://kzzpbxgsffmeyvckdmhs.supabase.co/storage/v1/object/public/diverpremier-assets/products/patron_reposado_botella_700ml.webp,OFICIAL_WEBP
5c956da3-69fd-4ff3-8990-902578868872,Patrón silver Botella (700ml),Tequila,236000,10,https://kzzpbxgsffmeyvckdmhs.supabase.co/storage/v1/object/public/diverpremier-assets/products/patron_silver_botella_700ml.webp,OFICIAL_WEBP
0c75049e-0c68-45c6-a333-e7ba3050c908,Té Mr. Tea Limón Botella (500ml),Té,0,10,https://kzzpbxgsffmeyvckdmhs.supabase.co/storage/v1/object/public/diverpremier-assets/products/te_mr_tea_limon_botella_500ml.webp,OFICIAL_WEBP
a4edf00b-65e0-4e23-8379-fb0cd7b4bb02,Vapeador Elf Bar (5000 puffs) Blue Razz Ice 5%,Vapeadores Desechables,65000,10,https://kzzpbxgsffmeyvckdmhs.supabase.co/storage/v1/object/public/diverpremier-assets/products/vapeador_elf_bar_5000_puffs_blue_razz_ice_5.webp,OFICIAL_WEBP
a4feeb8a-dce7-42e4-86ab-44e8fc0c9a66,Vapeador Lost Mary (3000 puffs) Strawberry Kiwi 2%,Vapeadores Desechables,45000,10,https://kzzpbxgsffmeyvckdmhs.supabase.co/storage/v1/object/public/diverpremier-assets/products/vapeador_lost_mary_3000_puffs_strawberry_kiwi_2.webp,OFICIAL_WEBP
d1d01c0f-10b7-4e32-b1cb-8ce183a30570,Mug térmico oficina Negro Mate,Vasos y Mugs,25000,10,https://kzzpbxgsffmeyvckdmhs.supabase.co/storage/v1/object/public/diverpremier-assets/products/mug_termico_oficina_negro_mate.webp,OFICIAL_WEBP
a0ab84b6-4da8-4752-94ab-4c6c06a484c9,"Pocillo decorado ""Papá"" Blanco / Cerámica",Vasos y Mugs,15000,10,https://kzzpbxgsffmeyvckdmhs.supabase.co/storage/v1/object/public/diverpremier-assets/products/pocillo_decorado_papa_blanco_ceramica.webp,OFICIAL_WEBP
5649f97e-4cc2-4af9-8083-eb654926258d,Absolut Botella (700ml),Vodka,97000,10,https://kzzpbxgsffmeyvckdmhs.supabase.co/storage/v1/object/public/diverpremier-assets/products/absolut_botella_700ml.webp,OFICIAL_WEBP
8c13fe95-a2ae-4570-980c-ec355734186f,Absolut Media (350ml),Vodka,60500,10,https://kzzpbxgsffmeyvckdmhs.supabase.co/storage/v1/object/public/diverpremier-assets/products/absolut_media_350ml.webp,OFICIAL_WEBP
63373fb6-38b6-4318-b3cc-3908a8af40b1,Absolut mandrin Botella (700ml),Vodka,99800,10,https://kzzpbxgsffmeyvckdmhs.supabase.co/storage/v1/object/public/diverpremier-assets/products/absolut_mandrin_botella_700ml.webp,OFICIAL_WEBP
0195cfab-5527-4b03-a000-2c1f04c7e1d6,Absolut peppar Botella (750ml),Vodka,99800,10,https://kzzpbxgsffmeyvckdmhs.supabase.co/storage/v1/object/public/diverpremier-assets/products/absolut_peppar_botella_750ml.webp,OFICIAL_WEBP
0fd462dd-9092-4321-943a-6f04e9f19753,Absolut raspberri Botella (700ml),Vodka,99800,10,https://kzzpbxgsffmeyvckdmhs.supabase.co/storage/v1/object/public/diverpremier-assets/products/absolut_raspberri_botella_700ml.webp,OFICIAL_WEBP
7ec28552-6828-4cf2-bdb8-3b5c7df5191d,Skyy Botella (750ml),Vodka,76500,10,https://kzzpbxgsffmeyvckdmhs.supabase.co/storage/v1/object/public/diverpremier-assets/products/skyy_botella_750ml.webp,OFICIAL_WEBP
0d741fbb-504b-4b9f-95ba-16e4b95116d8,Wiborowa Botella (700ml),Vodka,83500,10,https://kzzpbxgsffmeyvckdmhs.supabase.co/storage/v1/object/public/diverpremier-assets/products/wiborowa_botella_700ml.webp,OFICIAL_WEBP
a8a15b28-c9ee-4ae3-b64b-8e44e14efdb3,Black and white Botella (200 ml),Whisky,21500,10,https://kzzpbxgsffmeyvckdmhs.supabase.co/storage/v1/object/public/diverpremier-assets/products/black_and_white_botella_200_ml.webp,OFICIAL_WEBP
9b498f9e-9496-41aa-b68b-daad5fcbdfa5,Black and white Botella (375 ml),Whisky,35500,10,https://kzzpbxgsffmeyvckdmhs.supabase.co/storage/v1/object/public/diverpremier-assets/products/black_and_white_botella_375_ml.webp,OFICIAL_WEBP
65bb5b2f-0188-416e-b173-45626d1b40ac,Black and white Botella (750 ml),Whisky,65000,10,https://kzzpbxgsffmeyvckdmhs.supabase.co/storage/v1/object/public/diverpremier-assets/products/black_and_white_botella_750_ml.webp,OFICIAL_WEBP
d808e3fd-1f4b-4618-aa7b-2410793af161,Black label Botella (375 ml),Whisky,98000,10,https://kzzpbxgsffmeyvckdmhs.supabase.co/storage/v1/object/public/diverpremier-assets/products/black_label_botella_375_ml.webp,OFICIAL_WEBP
11eb92a5-e04b-4300-bbd0-9a3b19a3eee5,Buchanan's 18 años Botella (750 ml),Whisky,460000,10,https://kzzpbxgsffmeyvckdmhs.supabase.co/storage/v1/object/public/diverpremier-assets/products/buchanan_s_18_anos_botella_750_ml.webp,OFICIAL_WEBP
784e802f-1ff0-4eff-9153-3d4113ecb2e2,Buchanan's deluxe 12 años Botella (1000 ml),Whisky,180000,10,https://kzzpbxgsffmeyvckdmhs.supabase.co/storage/v1/object/public/diverpremier-assets/products/buchanan_s_deluxe_12_anos_botella_1000_ml.webp,OFICIAL_WEBP
2b233634-bf6e-430f-a8d4-28651ce0065f,Buchanan's deluxe 12 años Botella (375 ml),Whisky,113500,10,https://kzzpbxgsffmeyvckdmhs.supabase.co/storage/v1/object/public/diverpremier-assets/products/buchanan_s_deluxe_12_anos_botella_375_ml.webp,OFICIAL_WEBP
bd99bb09-8469-4625-a8ac-64877ecbebc9,Buchanan's máster Botella (1000 ml),Whisky,272500,10,https://kzzpbxgsffmeyvckdmhs.supabase.co/storage/v1/object/public/diverpremier-assets/products/buchanan_s_master_botella_1000_ml.webp,OFICIAL_WEBP
909e46c9-d207-420e-8d4c-3deea7bb6277,Buchanan's máster Botella (750 ml),Whisky,221000,10,https://kzzpbxgsffmeyvckdmhs.supabase.co/storage/v1/object/public/diverpremier-assets/products/buchanan_s_master_botella_750_ml.webp,OFICIAL_WEBP
b667d7c0-6a68-4399-819c-fe457d83169d,Buchanan's two souls Botella (750 ml),Whisky,227500,10,https://kzzpbxgsffmeyvckdmhs.supabase.co/storage/v1/object/public/diverpremier-assets/products/buchanan_s_two_souls_botella_750_ml.webp,OFICIAL_WEBP
88fa2b6d-dcd5-49d6-ae45-6f864fc29171,Buchanans Deluxe 12 Años (750ml),Whisky,155000,12,https://kzzpbxgsffmeyvckdmhs.supabase.co/storage/v1/object/public/diverpremier-assets/products/buchanans_deluxe_12_anos_750ml.webp,OFICIAL_WEBP
46e9f13b-c404-4365-bdff-22ce2eb9b0c1,Double black Botella (750 ml),Whisky,217000,10,https://kzzpbxgsffmeyvckdmhs.supabase.co/storage/v1/object/public/diverpremier-assets/products/double_black_botella_750_ml.webp,OFICIAL_WEBP
c70cc648-34bf-40ba-8905-8052d5739b50,Jack Daniels Apple Botella (700 ml),Whisky,135500,10,https://kzzpbxgsffmeyvckdmhs.supabase.co/storage/v1/object/public/diverpremier-assets/products/jack_daniels_apple_botella_700_ml.webp,OFICIAL_WEBP
f458c7b5-fa9f-4c3d-8567-28ca5ca1180c,"Jack daniels Botella ""shot"" (50 ml)",Whisky,19500,10,https://kzzpbxgsffmeyvckdmhs.supabase.co/storage/v1/object/public/diverpremier-assets/products/jack_daniels_botella_shot_50_ml.webp,OFICIAL_WEBP
91fd3ad4-fefe-4333-995d-1199469d1d54,Jack daniels honey Botella (375 ml),Whisky,77500,10,https://kzzpbxgsffmeyvckdmhs.supabase.co/storage/v1/object/public/diverpremier-assets/products/jack_daniels_honey_botella_375_ml.webp,OFICIAL_WEBP
38a42024-e4b1-4b8b-9750-64cc9d4ea808,Jack daniels honey Botella (700 ml),Whisky,135500,10,https://kzzpbxgsffmeyvckdmhs.supabase.co/storage/v1/object/public/diverpremier-assets/products/jack_daniels_honey_botella_700_ml.webp,OFICIAL_WEBP
5c94c01a-e6dc-4bd4-91b0-a7c15ec4ac80,Jack daniels tradicional Botella (200 ml),Whisky,47800,10,https://kzzpbxgsffmeyvckdmhs.supabase.co/storage/v1/object/public/diverpremier-assets/products/jack_daniels_tradicional_botella_200_ml.webp,OFICIAL_WEBP
c32aa54d-9690-4f16-8d92-437b97589862,Jack daniels tradicional Botella (375 ml),Whisky,77500,10,https://kzzpbxgsffmeyvckdmhs.supabase.co/storage/v1/object/public/diverpremier-assets/products/jack_daniels_tradicional_botella_375_ml.webp,OFICIAL_WEBP
e1707fd3-3386-4b70-ab37-fd4349676b21,Jack daniels tradicional Botella (700 ml),Whisky,135500,10,https://kzzpbxgsffmeyvckdmhs.supabase.co/storage/v1/object/public/diverpremier-assets/products/jack_daniels_tradicional_botella_700_ml.webp,OFICIAL_WEBP
f11a35d8-af2c-48b3-ba26-3d5d9a847411,Johnnie Walker Black Label (750ml),Whisky,148000,15,https://kzzpbxgsffmeyvckdmhs.supabase.co/storage/v1/object/public/diverpremier-assets/products/johnnie_walker_black_label_750ml.webp,OFICIAL_WEBP
1a254bb7-7295-42df-a7e6-e1bdf2cfb0bd,Old Parr 12 Años (750ml),Whisky,149000,10,https://kzzpbxgsffmeyvckdmhs.supabase.co/storage/v1/object/public/diverpremier-assets/products/old_parr_12_anos_750ml.webp,OFICIAL_WEBP
7a788faa-7e7a-4eab-85c6-0771a6ed4bb7,Old parr 12 años Botella (1000 ml),Whisky,208000,10,https://kzzpbxgsffmeyvckdmhs.supabase.co/storage/v1/object/public/diverpremier-assets/products/old_parr_12_anos_botella_1000_ml.webp,OFICIAL_WEBP
0a6cfc6a-18d7-43d6-b97f-1489f9eb672c,Old parr 12 años Botella (500 ml),Whisky,121500,10,https://kzzpbxgsffmeyvckdmhs.supabase.co/storage/v1/object/public/diverpremier-assets/products/old_parr_12_anos_botella_500_ml.webp,OFICIAL_WEBP
a326878f-9125-4b08-b93c-85bd3cef2966,Old parr 18 años estuche Botella (750 ml),Whisky,365000,10,https://kzzpbxgsffmeyvckdmhs.supabase.co/storage/v1/object/public/diverpremier-assets/products/old_parr_18_anos_estuche_botella_750_ml.webp,OFICIAL_WEBP
e0fe5c69-07d5-437d-bb0b-ce55303c8978,Red label Botella (1000 ml),Whisky,104500,10,https://kzzpbxgsffmeyvckdmhs.supabase.co/storage/v1/object/public/diverpremier-assets/products/red_label_botella_1000_ml.webp,OFICIAL_WEBP
a0da9bec-eaa0-4261-b079-771ac2c38657,Red label Botella (200 ml),Whisky,30000,10,https://kzzpbxgsffmeyvckdmhs.supabase.co/storage/v1/object/public/diverpremier-assets/products/red_label_botella_200_ml.webp,OFICIAL_WEBP
b82302b2-662c-4903-b968-38f71a5492eb,Red label Botella (375 ml),Whisky,54500,10,https://kzzpbxgsffmeyvckdmhs.supabase.co/storage/v1/object/public/diverpremier-assets/products/red_label_botella_375_ml.webp,OFICIAL_WEBP
c7344c5c-67bb-4809-806d-d0a83af990e7,Red label Botella (750 ml),Whisky,81500,10,https://kzzpbxgsffmeyvckdmhs.supabase.co/storage/v1/object/public/diverpremier-assets/products/red_label_botella_750_ml.webp,OFICIAL_WEBP
059ea84a-1acb-437c-aa00-82ce48fcc81f,Something special Botella (1000 ml),Whisky,105500,10,https://kzzpbxgsffmeyvckdmhs.supabase.co/storage/v1/object/public/diverpremier-assets/products/something_special_botella_1000_ml.webp,OFICIAL_WEBP
dc9c73f3-3cec-430a-bb85-facee705a750,Something special Botella (200 ml),Whisky,26500,10,https://kzzpbxgsffmeyvckdmhs.supabase.co/storage/v1/object/public/diverpremier-assets/products/something_special_botella_200_ml.webp,OFICIAL_WEBP
3300766c-5e48-4c63-9c88-94d5ce83b311,Something special Botella (375 ml),Whisky,54000,10,https://kzzpbxgsffmeyvckdmhs.supabase.co/storage/v1/object/public/diverpremier-assets/products/something_special_botella_375_ml.webp,OFICIAL_WEBP
62e1c143-e142-4a53-adc8-ca4ae282cf84,Something special Botella (700 ml),Whisky,82500,10,https://kzzpbxgsffmeyvckdmhs.supabase.co/storage/v1/object/public/diverpremier-assets/products/something_special_botella_700_ml.webp,OFICIAL_WEBP
f6e99a07-1109-479a-ad25-64e3843b2d6a,The glenlivet 12 years Botella (700 ml),Whisky,221500,10,https://kzzpbxgsffmeyvckdmhs.supabase.co/storage/v1/object/public/diverpremier-assets/products/the_glenlivet_12_years_botella_700_ml.webp,OFICIAL_WEBP
fe9217bc-86e7-4636-bc71-819f54f1535e,The glenlivet Botella (700 ml),Whisky,180500,10,https://kzzpbxgsffmeyvckdmhs.supabase.co/storage/v1/object/public/diverpremier-assets/products/the_glenlivet_botella_700_ml.webp,OFICIAL_WEBP
790b862b-978d-45c6-9b3a-d0fb2b0ed37a,The macallan 12 years Botella (700 ml),Whisky,485000,10,https://kzzpbxgsffmeyvckdmhs.supabase.co/storage/v1/object/public/diverpremier-assets/products/the_macallan_12_years_botella_700_ml.webp,OFICIAL_WEBP
